2020-01-11 22:03:14,RT @glenabbey007: Perspective on #rbc CDN Open #Golf Championships. No other venue is as significant as #heritage @saveglenabbey in @townof
2020-01-11 20:05:16,RT @somyadixit5: @ScotiabankHelps @scotiabank @BMO @RBC @TD_Canada @cibc more than 6 months never received the money refund from Scotiabank
2020-01-11 20:03:26,@ScotiabankHelps @scotiabank @BMO @RBC @TD_Canada @cibc more than 6 months never received the money refund from Sco 
2020-01-11 17:33:35,"This Month's Installation: RBC Insurance Services 

#lockourier #smartlockers "
2020-01-11 17:20:07,"The RBC Visa Infinite Avion, issued by Royal Bank of Canada, is a travel credit card earning one point for every do "
2020-01-11 15:21:07,"PNC Settles Overdraft Fee Abuse - Bank Iceberg Builds   
banking #overdrafts #fees "
2020-01-11 15:13:52,Memorable evening spent with partners and friends of #RBC hearing advice from @Bryan_Baeumler 
2020-01-11 03:26:19,Enjoyed fireside chat with @Bryan_Baeumler tonight at a private RBC event! #bryanbaeumler #rbc 
2020-01-11 01:28:35,The Ground - Ballet Beyond Borders finale - sneak peek from the stage wings. @Dance1_Redondo @RedondoBallet 
2020-01-11 01:05:55,Can you believe these crazy  girls went into jacuzzi in 25 degree weather! They had a blast! @RedondoBallet 
2020-01-10 23:09:19,@WilliamsRacing @RBC @mdeaves what have you been doing with our marketing budget??  #RBC #visitrugby #rugbytown
2020-01-10 21:25:26,Fantastic recognition well done Cristina Toma well deserved Star of the month for living the Sodexo values and 100 
2020-01-10 20:48:00,@WilliamsRacing @NicholasLatifi getting ready to go #LightsOut for the @F1 2020 Season with a seat fitting today. 
2020-01-10 18:54:21,"@AngelaSterritt I went to #RBC teller to activate a cc...didn't have right ID, so she gave me back the card. She ha "
2020-01-10 18:10:59,Double RBCs  Fifty years of donating (O-) and they still manage to find some juice#blooddonation #RBC @ United Blo 
2020-01-10 18:05:14,Prime Minister #Trudeau recently tasked Finance Minister Bill #Morneau with #reviewing and considering 
2020-01-10 17:18:01,"Student scammed $8,000. #RBC is refusing to reimburse the thousands of dollars stolen from her debit cards overdra "
2020-01-10 16:44:04,At #RBC #Hagersville today until 1! Stop in and say hi!  #realestate #realtor #realestateagent #home #property 
2020-01-10 16:34:53,At #RBC #Hagersville today until 1pm! Stop in and say hi!  
2020-01-10 15:50:40,"RT @DixieBloorCtr: Join us on Friday, January 17th for our networking and info session with @RBC on how to leverage social media for your j"
2020-01-10 15:28:26,"Join us on Friday, January 17th for our networking and info session with @RBC on how to leverage social media for y "
2020-01-10 15:04:24,"Our on-site installation services include:

 Network of 700 #technicians
 Install replacement #UPS
 Replace #RBC "
2020-01-10 14:40:21,"RT @canadian_sme: When RBC Insurance launched Group Benefit Solutions in 2013, we ensured our products and services would address the needs"
2020-01-10 14:37:50,"When RBC Insurance launched Group Benefit Solutions in 2013, we ensured our products and services would address the "
2020-01-10 11:33:11,"RBC tried pulling this shit with me.They actually accused me of stealing my own money.I called an Ombudsman,he got "
2020-01-10 05:48:09,"RT @CharlesArower: Despite the lack of smile, excitement is building for next week as @JulienBahain and I  to Japan next Wednesday to com"
2020-01-10 05:40:00,"We Wish Jadcherla Exp 'Kalpesh' of RBC A Very Happy Birthday   !!!

 - Team PPSC. 
#RBC "
2020-01-10 01:02:00,"RT @CharlesArower: Despite the lack of smile, excitement is building for next week as @JulienBahain and I  to Japan next Wednesday to com"
2020-01-10 00:03:14,Sofia - ready for her solo at the BBB! #lovedance #lovelife #bbb #rbc #dance1 #inspire #workhard @ University of Mo 
2020-01-09 22:45:02,Your vacation home in Paradise awaits you! #yesplease #takemethere #RBC 
2020-01-09 21:05:16,What a guy!  We are so excited to meet him on March 11th at the #RBC #JCCSportsDinner !!! 
2020-01-09 20:21:35,Ziva - warming up for her 1st solo competition ever! Good luck  baby! #lovedance #bbb #rbc #dance1 #workhard 
2020-01-09 19:07:34,#Barrick owns #ShitOnAStick in #Chile @ #PascuaLama in the largest mining fraud in Canadian History! 
2020-01-09 18:28:15,@JCCSportsDinner @DueckGM @JCCVancouver @DueckGM We Love skiing in @Canucks  jerseys in Whistler! #TBT 
2020-01-09 18:21:19,"Despite the lack of smile, excitement is building for next week as @JulienBahain and I  to Japan next Wednesday t "
2020-01-09 17:25:00,"Do something great every day. 

Great discussions. 

Great things are happening at Adams County Regional Medical Ce "
2020-01-09 17:02:13,4 Grey Cup Wins! 32 Tackles in a single season! Co-owner of #VerasBurgers! Dedicated role model and civic leader! 
2020-01-09 16:32:29,"#RBC $ITCI is in the list #biotech #takeover 
"
2020-01-09 16:27:37,At the theatre - early morning and warm up class for the contemporary category which will compete this morning. 
2020-01-09 15:54:30,Ziva and her first ballet class at the Ballet Beyond Borders. She is so focused! Im so proud of her. #bbb #rbc 
2020-01-09 15:51:22,Ziva and her first ballet class at the Ballet Beyond Borders. She is so focused! Im so proud of her. #bbb #rbc 
2020-01-09 14:42:52,"Getting warmed up and ready for competition! #bbb #rbc #dance1 #lovedance #livelife @ Missoula, Montana "
2020-01-09 13:33:15,"#Canada's TD, #CIBC say restructuring possible in 2020 as #RBC, #BMO say no more cuts "
2020-01-09 08:16:19,RT @ScamTd: We will be protesting in front of TD Headquarters in Toronto. TD participated in stealing and scamming. 
2020-01-09 07:41:59,We will be protesting in front of TD Headquarters in Toronto. TD participated in stealing and scamming. 
2020-01-09 00:46:09,RT @glenabbey007: Perspective on #rbc CDN Open #Golf Championships. No other venue is as significant as #heritage @saveglenabbey in @townof
2020-01-08 22:00:58,"Don't forget about #CitiCanada, #Enlightened, #RBC and #Cruise at their info sessions tomorrow! Register here: "
2020-01-08 21:10:52,@CBCAlerts One of the Canadian passengers on the #ukraineplanecrash was an #RBC Employee Parinaz Ghaderpanah  Bran 
2020-01-08 18:35:16,"Hey #RBC #JCCSportsDinner fans, want more from awesome keynote speaker @JerryRice ?  Check him out on this podcast. "
2020-01-08 17:00:43,Improvising and feeling the beat along with the traditional drummers from Pakistan!  #lovedance #bbb #rbc 
2020-01-08 16:36:03,Participate at La Matine du financement on 02/20/20 to learn about the financing programs offered to SMEs and faci 
2020-01-08 15:50:30,"The RBC Visa Infinite Avion, issued by Royal Bank of Canada, is a travel credit card earning one point for every do "
2020-01-08 15:44:47,RT @glenabbey007: Perspective on #rbc CDN Open #Golf Championships. No other venue is as significant as #heritage @saveglenabbey in @townof
2020-01-08 15:01:20,Im in full agreement. Having to lower housing expectations isnt a bad thing. But over-extension is - for individu 
2020-01-08 14:55:12,Come join us at the St. Jean Ag Days! #RBC 
2020-01-08 14:04:59,Perspective on #rbc CDN Open #Golf Championships. No other venue is as significant as #heritage @saveglenabbey in 
2020-01-08 12:57:43,Most #RBC branches across the province are closed today due to the weather. Please check before heading to the bank and stay safe and warm!
2020-01-08 12:12:19,RT @SuneThorsen: #UNGPs - business are realizing that documentation for #RBC responsible business conduct is creating their social license
2020-01-08 12:07:31,#UNGPs - business are realizing that documentation for #RBC responsible business conduct is creating their social l 
2020-01-08 08:09:13,RT @ChangUCanSpare: @podocytes Feast your eyes on this figure (1 of 4 pgs) from 2001 KI study. Still can't wrap my head around how this act
2020-01-08 07:11:24,Its #RCB NOT #RBC. 
2020-01-08 05:39:03,Its been 2 years working in this wonderful place and even happier when you see yourself walking through achievemen 
2020-01-08 03:49:55,Packed - and unpacked costumes! Who knew you can squeeze 5 tutus into a small dance bag  #lovelife #lovedance 
2020-01-07 22:26:34,B2B &amp; Cybercrime &amp; Fintech EOY 2019 Update  #fintech #hackers B2B Capitalone #AI #G7 masterc 
2020-01-07 21:22:27,"Hey #RBC #JCCSportsDinner fans, check out our 2020 superstar @drewbrees going undercover! "
2020-01-07 20:46:14,RT @JCCSportsDinner: What would we do without our volunteers!! A huge welcome to @ClarkWilsonLLP for being our Volunteer Sponsor for the 20
2020-01-07 19:09:40,RT @JCCSportsDinner: What would we do without our volunteers!! A huge welcome to @ClarkWilsonLLP for being our Volunteer Sponsor for the 20
2020-01-07 19:05:09,What would we do without our volunteers!! A huge welcome to @ClarkWilsonLLP for being our Volunteer Sponsor for the 
2020-01-07 18:49:44,We are at the LAX - checking in and waiting for our flight to Montana!  We are soooooo . Well keep you posted abo 
2020-01-07 16:02:59,RT @ChangUCanSpare: @podocytes Feast your eyes on this figure (1 of 4 pgs) from 2001 KI study. Still can't wrap my head around how this act
2020-01-07 15:14:34,I saw this and thought this is a GREAT idea. I would love to see businesses start to rally and congratulate and hel 
2020-01-07 15:10:43,#16 Daniel Brewton was a menace coming off the edge this year for @RBCCaseys #rbc #footballhighlights #rdplex @ Red 
2020-01-07 14:37:45,RT @ErikFertsman: Canadas largest banks reported large year-over-year increases in expected loan losses in Q4 2019. Provisions rose 41 per
2020-01-07 12:07:27,RT @ErikFertsman: Canadas largest banks reported large year-over-year increases in expected loan losses in Q4 2019. Provisions rose 41 per
2020-01-07 05:31:01,#RBC Online Learning is getting a lot more interactive in 2020!   Webinars and interactivity means you can study f 
2020-01-07 05:04:58,RT @ErikFertsman: Canadas largest banks reported large year-over-year increases in expected loan losses in Q4 2019. Provisions rose 41 per
2020-01-07 05:02:28,Canadas largest banks reported large year-over-year increases in expected loan losses in Q4 2019. Provisions rose 
2020-01-07 02:47:32,RT @CoachJMann919: Love watching The 919 young guns and OG Nate McMillan compete against each other on the highest level Salute fellas  @De
2020-01-07 02:42:58,RT @CoachJMann919: Love watching The 919 young guns and OG Nate McMillan compete against each other on the highest level Salute fellas  @De
2020-01-07 02:14:53,Love watching The 919 young guns and OG Nate McMillan compete against each other on the highest level Salute fellas 
2020-01-07 02:07:25,"RT @charlesadler: #Future By 2030, Canadas economy could look significantly different, says (today's) #RBC report.. dubbed Navigating th"
2020-01-07 00:32:55,@sdpuddicombe @scotiabank My first car needed co-signer ...they called him sayin I'd NOT paid when I 100% had...swi 
2020-01-07 00:16:14,You have an unresolved problem with your #bank then write to @Ombudsman_OBSI  and get it solved. #rbc #cibc 
2020-01-07 00:13:22,"RT @SincerelyToussy: My role model, brother, best friend and cousin all in one! #LongLiveBugzy #RBC #BigBugzo "
2020-01-06 23:45:58,"My role model, brother, best friend and cousin all in one! #LongLiveBugzy #RBC #BigBugzo "
2020-01-06 20:17:29,"RT @charlesadler: #Future By 2030, Canadas economy could look significantly different, says (today's) #RBC report.. dubbed Navigating th"
2020-01-06 19:38:16,"RT @charlesadler: #Future By 2030, Canadas economy could look significantly different, says (today's) #RBC report.. dubbed Navigating th"
2020-01-06 19:37:17,"RT @charlesadler: #Future By 2030, Canadas economy could look significantly different, says (today's) #RBC report.. dubbed Navigating th"
2020-01-06 19:35:10,"RT @charlesadler: #Future By 2030, Canadas economy could look significantly different, says (today's) #RBC report.. dubbed Navigating th"
2020-01-06 19:34:34,"#Future By 2030, Canadas economy could look significantly different, says (today's) #RBC report.. dubbed Navigat "
2020-01-06 18:45:22,"PNC Settles Overdraft Fee Abuse - Bank Iceberg Builds   
#banking #overdrafts #fees "
2020-01-06 14:31:55,First Time Homebuyers: Dont Overlook These Budget-Busting Costs #FTHB #RBC #RBCMortgageSpecialist 
2020-01-06 12:05:46,"

Interpretation &amp; Clinical Utility of Optical RBC parameter on Mindray BC-6800+ Hematalogy "
2020-01-05 08:43:35,@RBCBugzy A honor to say I shot your 1st visual we made history. Rest in peace your music will last forever  Fillm 
2020-01-05 07:01:04,RT @pondoksariwangi: Lunch with the best river view #horizonrestaurant #rbc #lunch #foodies #foodgram #foodgasm #foodlover #foodporn #insta
2020-01-05 06:37:00,"2010-2019 Research profile : 
--&gt;Started #research as a  student @ Jan,2010. Worked on few "
2020-01-05 06:35:05,Lunch with the best river view #horizonrestaurant #rbc #lunch #foodies #foodgram #foodgasm #foodlover #foodporn 
2020-01-05 02:34:41,Snow Queen  rehearsal. Who will be the Queen Bee  this year??? Stay tuned ... #snowqueen #dance1 #redondoballet 
2020-01-05 00:03:02,"#RBC profits rising on a slew of banking products n services fees. 
Financial advisors are now product sales person "
2020-01-04 17:53:08,"RT @DetectorDigi: Retweet and comment, if you are having issues with RBC website/app.

#RBC #RoyalbankofCanada #RBCdown #AskRBC
"
2020-01-04 15:34:57,RT @DarrenFisherNS: City of Lakes High School Hockey Tournament action all day at the #RBC #D4P @Auburn_Hockey @DHS_Hockey @Panthers_PA htt
2020-01-04 15:14:48,City of Lakes High School Hockey Tournament action all day at the #RBC #D4P @Auburn_Hockey @DHS_Hockey @Panthers_PA 
2020-01-04 14:13:28,"@keithellison I did it albeit years later. Im that 1 person only behind HR 2998, reissued as 1098 against Investor "
2020-01-04 13:37:07,"RT @DetectorDigi: Retweet and comment, if you are having issues with RBC website/app.

#RBC #RoyalbankofCanada #RBCdown #AskRBC
"
2020-01-04 00:49:15,@AskRBC Already on the call one last time lets see what happens. #RBC 
